{
  "unknown::unknown": {
    "count": 28766,
    "total_ms": {
      "p50": 92.66499999999999,
      "p95": 537.2634999999988,
      "p99": 2748.515299999998
    },
    "db_fetch_ms": {
      "p50": 92.655,
      "p95": 537.2609999999987,
      "p99": 2748.5052999999984
    },
    "serialize_ms": {
      "p50": 2.76,
      "p95": 11.020499999999993,
      "p99": 28.485699999999852
    },
    "ttfb_ms": {
      "p50": null,
      "p95": null,
      "p99": null
    }
  }
}